Gruppe,Horizont,Periode,Faelle,Exzess Mittel (%),Exzess Median (%),KI95 lo,KI95 hi,Trefferquote (%),Hinweis
Alle Themes,20T,2011-2018,16080.0,0.4683382829549301,0.4530370235443115,0.23326085981407862,0.6876435383635372,57.73009950248756,
Alle Themes,20T,2019-heute,15440.0,0.6823175759513144,0.7423311471939087,0.288999474588304,1.0558253393436852,57.597150259067355,
Alle Themes,20T,Gesamt,31520.0,0.5731555508440219,0.564296543598175,0.35845689074664083,0.779527064921409,57.664974619289346,
Alle Themes,60T,2011-2018,16080.0,1.4833329321436621,1.5328556299209595,0.9080467415575068,2.033097115966181,63.84950248756219,
Alle Themes,60T,2019-heute,15120.0,1.931741966930016,1.6509681940078735,0.7719449150973023,2.9725790080929766,58.97486772486773,
Alle Themes,60T,Gesamt,31200.0,1.7006388490016642,1.5733212232589722,1.104731410059859,2.3501004277766966,61.48717948717949,
Nur RS3M-Top-10,20T,2011-2018,1641.0,0.3874176889567169,0.35812854766845703,0.14178628471135574,0.6066978768218088,55.8805606337599,
Nur RS3M-Top-10,20T,2019-heute,1457.0,1.0949024371930647,0.9821325540542603,0.48559823545151415,1.712986356369118,60.74124914207275,
Nur RS3M-Top-10,20T,Gesamt,3098.0,0.7201501867554125,0.6256446242332458,0.42110153426440594,1.040902694429224,58.16655907036798,
Nur RS3M-Top-10,60T,2011-2018,1641.0,1.1559181246795283,1.203829050064087,0.4278398161781949,1.9053713691487209,59.9024984765387,
Nur RS3M-Top-10,60T,2019-heute,1421.0,2.5032434075085064,2.2381722927093506,0.9184359568232624,3.9580207673511976,62.280084447572136,
Nur RS3M-Top-10,60T,Gesamt,3062.0,1.7811791393431395,1.525712013244629,0.9706853356017567,2.6585887230098835,61.005878510777265,
Nur RS12M-Top-10,20T,2011-2018,1639.0,0.5365097700931301,0.4583001136779785,0.22137344385409624,0.8322368434417468,57.84014643075046,
Nur RS12M-Top-10,20T,2019-heute,1475.0,0.6642470905336283,0.7336020469665527,0.1330141573870154,1.1651845093512687,57.76271186440678,
Nur RS12M-Top-10,20T,Gesamt,3114.0,0.5970147629157809,0.5818694829940796,0.29935065050549026,0.8721068599521996,57.80346820809249,
Nur RS12M-Top-10,60T,2011-2018,1639.0,1.8502060489875647,1.746678352355957,1.1887041479098719,2.436674226786207,66.3209273947529,
Nur RS12M-Top-10,60T,2019-heute,1438.0,1.8234861431765126,1.6331285238265991,0.17802731639672004,3.2422784190190472,58.8317107093185,
Nur RS12M-Top-10,60T,Gesamt,3077.0,1.8377188131876645,1.7072170972824097,1.0254608884570138,2.637512190922584,62.82092947676308,
Beide Top-10,20T,2011-2018,2412.0,0.5875206050489277,0.571952760219574,0.26808403659776103,0.9461234385546444,59.369817578772796,
Beide Top-10,20T,2019-heute,2420.0,0.8938568965955215,0.9885609149932861,0.28495896145629235,1.4985966504774644,58.63636363636363,
Beide Top-10,20T,Gesamt,4832.0,0.7409423404675446,0.7379025220870972,0.3996735717253507,1.1087851606477765,59.002483443708606,
Beide Top-10,60T,2011-2018,2412.0,1.9138339665991748,1.9785404205322266,1.1388898372046292,2.838664962257692,67.03980099502488,
Beide Top-10,60T,2019-heute,2376.0,2.6540859078718757,2.2746384143829346,1.2924140029904134,3.993791934381337,60.60606060606061,
Beide Top-10,60T,Gesamt,4788.0,2.2811770352006655,2.0554721355438232,1.472042658422327,3.161286039991445,63.847117794486216,
RS3M-Top-10 (gesamt),20T,2011-2018,4053.0,0.5065018818050793,0.5074858665466309,0.21312817257238956,0.7759766751094945,57.95706883789785,
RS3M-Top-10 (gesamt),20T,2019-heute,3877.0,0.9694110241814438,0.9833574295043945,0.46537808611560766,1.5069234026198468,59.42739231364457,
RS3M-Top-10 (gesamt),20T,Gesamt,7930.0,0.7328195041245199,0.703468918800354,0.45989317874200775,1.0444709186936285,58.675914249684745,
RS3M-Top-10 (gesamt),60T,2011-2018,4053.0,1.6069650061772307,1.6918957233428955,0.9147970642847231,2.4035860242257527,64.15001233654083,
RS3M-Top-10 (gesamt),60T,2019-heute,3797.0,2.597634184665042,2.2641241550445557,1.3696217248928266,3.9408564341473316,61.232552014748485,
RS3M-Top-10 (gesamt),60T,Gesamt,7850.0,2.086146008816494,1.8658459186553955,1.4040001157367916,2.856368343599567,62.738853503184714,
RS12M-Top-10 (gesamt),20T,2011-2018,4051.0,0.5668820569145034,0.5393624305725098,0.2903486404518861,0.8454226186450546,58.75092569735868,
RS12M-Top-10 (gesamt),20T,2019-heute,3895.0,0.8069058147107223,0.8670032024383545,0.28233113574785507,1.3488839025628199,58.30551989730424,
RS12M-Top-10 (gesamt),20T,Gesamt,7946.0,0.6845378002591137,0.6592839956283569,0.38067812799889605,0.9870498968596817,58.53259501636043,
RS12M-Top-10 (gesamt),60T,2011-2018,4051.0,1.888090654585986,1.8937230110168457,1.1724320315439674,2.6348224732214796,66.74895087632683,
RS12M-Top-10 (gesamt),60T,2019-heute,3814.0,2.340923227842528,2.0445823669433594,0.9453151397758408,3.6310878036902765,59.93707393812271,
RS12M-Top-10 (gesamt),60T,Gesamt,7865.0,2.1076842253934176,1.930534839630127,1.3623272004832063,2.896859144595004,63.445645263827075,
