Gruppe,Periode,Faelle,Perzentil RS3M-Rang +60T,Perzentil RS12M-Rang +60T,Basis
RS3M-Top-10,2011-2018,4053.0,52.5770717480562,65.50576654203597,50.0
RS3M-Top-10,2019-heute,3797.0,53.94002012384946,67.64922374614237,50.0
RS3M-Top-10,Gesamt,7850.0,53.23632206434754,66.54254450432794,50.0
RS12M-Top-10,2011-2018,4051.0,53.84995157890739,70.95873763363271,50.0
RS12M-Top-10,2019-heute,3814.0,52.23064821911178,70.42071719575652,50.0
RS12M-Top-10,Gesamt,7865.0,53.064697540222014,70.69783363489657,50.0
Beide,2011-2018,2412.0,55.1016286090913,74.61410894246714,50.0
Beide,2019-heute,2376.0,54.30587930587931,74.43883277216611,50.0
Beide,Gesamt,4788.0,54.70674549621918,74.52712979028769,50.0
