Differenz,Horizont,Periode,n (kleinere Gruppe),Delta Exzess (%-Pkt),KI95 lo,KI95 hi,Label
Rising X=10 minus Alle Themes,20T,2011-2018,2158.0,-0.1406689116315169,-0.3491724985160019,0.04983177561708904,
Rising X=10 minus Alle Themes,20T,2019-heute,1976.0,0.3053094615516617,-0.1177961000650777,0.7603430903073227,
Rising X=10 minus Alle Themes,20T,Gesamt,4134.0,0.06996528355893081,-0.17998229536326105,0.2997226311761182,deskriptiv
Rising X=10 minus Alle Themes,60T,2011-2018,2158.0,-0.4549143290433584,-1.1097842742877306,0.15404573832946733,
Rising X=10 minus Alle Themes,60T,2019-heute,1915.0,0.22638603598622542,-1.0015268302273017,1.452761341843503,
Rising X=10 minus Alle Themes,60T,Gesamt,4073.0,-0.1410654458405894,-0.8340691720105733,0.5000391811545565,deskriptiv
Confirmed (beide Top-10) minus Alle Themes,20T,2011-2018,2412.0,0.11918232209399762,-0.11134619518952597,0.3876719705616769,
Confirmed (beide Top-10) minus Alle Themes,20T,2019-heute,2420.0,0.2115393206442071,-0.20106761484854901,0.64817953280539,
Confirmed (beide Top-10) minus Alle Themes,20T,Gesamt,4832.0,0.1677867896235227,-0.08180472304639848,0.4239034667779669,deskriptiv
Confirmed (beide Top-10) minus Alle Themes,60T,2011-2018,2412.0,0.43050103445551274,-0.05148988674870518,1.0442929530114875,
Confirmed (beide Top-10) minus Alle Themes,60T,2019-heute,2376.0,0.7223439409418598,-0.26472308034677283,1.8102744147576197,
Confirmed (beide Top-10) minus Alle Themes,60T,Gesamt,4788.0,0.5805381861990012,-0.011410619845504006,1.1809897539174168,deskriptiv
"Fading (RS12 Top-10, RS3M > 20) minus Alle Themes",20T,2011-2018,602.0,0.1009867787766302,-0.301513460240572,0.5196347248301032,
"Fading (RS12 Top-10, RS3M > 20) minus Alle Themes",20T,2019-heute,511.0,-0.0023359257462732264,-0.5465919636449742,0.44257687928770595,
"Fading (RS12 Top-10, RS3M > 20) minus Alle Themes",20T,Gesamt,1113.0,0.04697410811121197,-0.27834742106518107,0.34818792247959934,deskriptiv
"Fading (RS12 Top-10, RS3M > 20) minus Alle Themes",60T,2011-2018,602.0,0.4982324043087081,-0.4522459705542604,1.4254482655504415,
"Fading (RS12 Top-10, RS3M > 20) minus Alle Themes",60T,2019-heute,488.0,0.12085720641453364,-1.511069135170589,1.307288870856169,
"Fading (RS12 Top-10, RS3M > 20) minus Alle Themes",60T,Gesamt,1090.0,0.31272879240793855,-0.5254652820418303,1.104479199697438,deskriptiv
"Fading (RS12 Top-10, RS3M > 20) minus Confirmed (beide Top-10)",20T,2011-2018,602.0,-0.018195543317367415,-0.49385006171074053,0.4352680967792028,
"Fading (RS12 Top-10, RS3M > 20) minus Confirmed (beide Top-10)",20T,2019-heute,511.0,-0.21387524639048033,-0.9560447083397842,0.3604759055983111,
"Fading (RS12 Top-10, RS3M > 20) minus Confirmed (beide Top-10)",20T,Gesamt,1113.0,-0.12081268151231074,-0.5666650939393963,0.256252359570485,deskriptiv
"Fading (RS12 Top-10, RS3M > 20) minus Confirmed (beide Top-10)",60T,2011-2018,602.0,0.06773136985319533,-1.1281383123696351,1.0614937383433531,
"Fading (RS12 Top-10, RS3M > 20) minus Confirmed (beide Top-10)",60T,2019-heute,488.0,-0.6014867345273262,-2.407681374334588,1.0019427320966843,
"Fading (RS12 Top-10, RS3M > 20) minus Confirmed (beide Top-10)",60T,Gesamt,1090.0,-0.2678093937910627,-1.226600819718222,0.7048045130527897,deskriptiv
