Klasse,Periode,Faelle,Anteil heute (%),Anteil +60T (%),Delta (%-Pkt),Hinweis
Rising X=5,2011-2018,4321.0,5.822365476020217,5.8166712022412765,-0.005694273778940278,
Rising X=5,2019-heute,3878.0,7.75165085382349,8.030765749103457,0.2791148952799668,
Rising X=5,Gesamt,8199.0,6.734887575681285,6.863903627260369,0.12901605157908416,
Rising X=10,2011-2018,2158.0,5.306302431655438,5.336291884901978,0.029989453246540107,
Rising X=10,2019-heute,1915.0,7.518977765756846,8.210732722448464,0.6917549566916188,
Rising X=10,Gesamt,4073.0,6.346634684246697,6.687766032680402,0.34113134843370574,
Rising X=N/4 (=10 bei 40 Themes),2011-2018,2158.0,5.306302431655438,5.336291884901978,0.029989453246540107,
Rising X=N/4 (=10 bei 40 Themes),2019-heute,1915.0,7.518977765756846,8.210732722448464,0.6917549566916188,
Rising X=N/4 (=10 bei 40 Themes),Gesamt,4073.0,6.346634684246697,6.687766032680402,0.34113134843370574,
Confirmed (beide Top-10),2011-2018,2412.0,11.691732735234945,9.26859428929085,-2.423138445944096,
Confirmed (beide Top-10),2019-heute,2376.0,17.605360455351597,13.017516931603282,-4.587843523748311,
Confirmed (beide Top-10),Gesamt,4788.0,14.626314912134939,11.128961916303034,-3.4973529958319025,
"Fading (RS12 Top-10, RS3M > 20)",2011-2018,602.0,7.8513536072944685,8.608468994987518,0.757115387693051,
"Fading (RS12 Top-10, RS3M > 20)",2019-heute,488.0,9.618157979813336,9.527205530120392,-0.09095244969294429,
"Fading (RS12 Top-10, RS3M > 20)",Gesamt,1090.0,8.642363271321265,9.019793241909394,0.3774299705881282,
Alle Themes,2011-2018,16080.0,6.467945709971569,6.452796283247575,-0.015149426723992766,
Alle Themes,2019-heute,15120.0,8.98407296524145,8.743968653399808,-0.24010431184164432,
Alle Themes,Gesamt,31200.0,7.687299687525435,7.563133662629042,-0.12416602489639311,
